dataset,workers,batch_size,samples,constraints,setup_time_s,predict_time_s,prove_time_s,verify_time_s,per_sample_s,accuracy,speedup
1000,1,10,1000,213118,2.709309256,0,(equential,0,0.340,71.60,5.9
1000,2,10,1000,213118,2.388670464,0,(equential,1.750023581,0.295,71.60,6.8
1000,4,10,1000,213118,2.658375513,0,(equential,3.636114854,0.299,71.60,6.7
1000,8,10,0,213118,2.623602569,,,,0,0,0
1000,16,10,1000,213118,2.507368537,0,(equential,10.44592516,0.287,71.60,7.0
1000,32,10,0,213118,2.34241597,,,,0,0,0
1000,64,10,0,213118,2.619409891,,,,0,0,0
1000,1,20,1000,322948,5.027812388,0,(equential,0,0.317,71.60,6.3
1000,2,20,0,322948,4.731812318,,,,0,0,0
