keys,workers,batch,rep,peak_rss_mb,wall_per_sample,prove_per_sample
1,16,80,1,,0.19297,0.18926
1,16,80,2,,0.19083,0.18708
1,16,80,3,,0.19471,0.19073
2,16,80,1,,0.17770,0.33885
2,16,80,2,,0.17690,0.33970
2,16,80,3,,0.17528,0.33448
4,16,80,1,,0.16862,0.55109
4,16,80,2,,0.16949,0.56213
4,16,80,3,,0.17194,0.56552
8,16,80,1,,0.18014,1.02554
8,16,80,2,,0.18425,1.04055
8,16,80,3,,0.19430,1.09826
16,16,80,1,,0.26945,1.94075
16,16,80,2,,0.28411,2.05274
16,16,80,3,,0.23833,1.65403
